Catégorie Mémo;Sous-catégorie Mémo
Santé;Mémo vaccins et consultations obligatoires et recommandées, hors schémas de vaccinations alternatifs
Santé;Mémo vaccins et consultations obligatoires et recommandées, hors schémas de vaccinations alternatifs
Santé;Mémo vaccins et consultations obligatoires et recommandées, hors schémas de vaccinations alternatifs
Santé;Mémo vaccins et consultations obligatoires et recommandées, hors schémas de vaccinations alternatifs
Santé;Mémo vaccins et consultations obligatoires et recommandées, hors schémas de vaccinations alternatifs
Santé;Mémo vaccins et consultations obligatoires et recommandées, hors schémas de vaccinations alternatifs
Santé;Mémo vaccins et consultations obligatoires et recommandées, hors schémas de vaccinations alternatifs
Santé;Mémo vaccins et consultations obligatoires et recommandées, hors schémas de vaccinations alternatifs
Santé;Mémo vaccins et consultations obligatoires et recommandées, hors schémas de vaccinations alternatifs
Santé;Mémo vaccins et consultations obligatoires et recommandées, hors schémas de vaccinations alternatifs
Santé;Mémo vaccins et consultations obligatoires et recommandées, hors schémas de vaccinations alternatifs
Santé;Mémo vaccins et consultations obligatoires et recommandées, hors schémas de vaccinations alternatifs
Santé;Mémo vaccins et consultations obligatoires et recommandées, hors schémas de vaccinations alternatifs
Santé;Mémo vaccins et consultations obligatoires et recommandées, hors schémas de vaccinations alternatifs
Santé;Mémo vaccins et consultations obligatoires et recommandées, hors schémas de vaccinations alternatifs
Santé;Mémo vaccins et consultations obligatoires et recommandées, hors schémas de vaccinations alternatifs
Santé;Mémo vaccins et consultations obligatoires et recommandées, hors schémas de vaccinations alternatifs
Santé;Mémo vaccins et consultations obligatoires et recommandées, hors schémas de vaccinations alternatifs
Santé;Mémo vaccins et consultations obligatoires et recommandées, hors schémas de vaccinations alternatifs
Santé;Mémo vaccins et consultations obligatoires et recommandées, hors schémas de vaccinations alternatifs
Santé;Mémo vaccins et consultations obligatoires et recommandées, hors schémas de vaccinations alternatifs
Santé;Mémo vaccins et consultations obligatoires et recommandées, hors schémas de vaccinations alternatifs
Santé;Mémo vaccins et consultations obligatoires et recommandées, hors schémas de vaccinations alternatifs
Santé;Mémo vaccins et consultations obligatoires et recommandées, hors schémas de vaccinations alternatifs
Santé;Mémo vaccins et consultations obligatoires et recommandées, hors schémas de vaccinations alternatifs
Santé;Mémo vaccins et consultations obligatoires et recommandées, hors schémas de vaccinations alternatifs
Santé;Mémo vaccins et consultations obligatoires et recommandées, hors schémas de vaccinations alternatifs
Santé;Mémo vaccins et consultations obligatoires et recommandées, hors schémas de vaccinations alternatifs
Santé;Mémo vaccins et consultations obligatoires et recommandées, hors schémas de vaccinations alternatifs
Santé;Mémo vaccins et consultations obligatoires et recommandées, hors schémas de vaccinations alternatifs
Santé;Mémo vaccins et consultations obligatoires et recommandées, hors schémas de vaccinations alternatifs
Santé;Mémo vaccins et consultations obligatoires et recommandées, hors schémas de vaccinations alternatifs
Santé;Mémo vaccins et consultations obligatoires et recommandées, hors schémas de vaccinations alternatifs
Santé;Mémo vaccins et consultations obligatoires et recommandées, hors schémas de vaccinations alternatifs
Santé;Mémo vaccins et consultations obligatoires et recommandées, hors schémas de vaccinations alternatifs
Santé;Mémo vaccins et consultations obligatoires et recommandées, hors schémas de vaccinations alternatifs
Santé;Mémo Santé
Santé;Mémo Santé
Santé;Mémo Santé
Santé;Mémo Santé
Santé;Mémo Santé
Santé;Mémo Santé
Santé;Mémo Santé
Santé;Mémo Santé
Santé;Mémo Santé
Santé;Mémo Santé
Santé;Mémo Santé
Santé;Mémo Santé
Santé;Mémo Santé
Beauté et bien-être;Beauté et bien-être
Beauté et bien-être;Beauté et bien-être
Beauté et bien-être;Beauté et bien-être
Beauté et bien-être;Beauté et bien-être
Beauté et bien-être;Beauté et bien-être
Beauté et bien-être;Beauté et bien-être
Beauté et bien-être;Beauté et bien-être
Beauté et bien-être;Beauté et bien-être
Beauté et bien-être;Beauté et bien-être
Beauté et bien-être;Beauté et bien-être
Beauté et bien-être;Beauté et bien-être
Beauté et bien-être;Beauté et bien-être
Beauté et bien-être;Beauté et bien-être
Beauté et bien-être;Beauté et bien-être
Beauté et bien-être;Beauté et bien-être
Beauté et bien-être;Beauté et bien-être
Beauté et bien-être;Beauté et bien-être
Beauté et bien-être;Beauté et bien-être
Beauté et bien-être;Beauté et bien-être
Sport & loisir;Sport
Sport & loisir;Sport
Sport & loisir;Sport
Sport & loisir;Sport
Sport & loisir;Loisir
Sport & loisir;Loisir
Sport & loisir;Loisir
Logement & Jardin;Equipement
Logement & Jardin;Equipement
Logement & Jardin;Equipement
Logement & Jardin;Equipement
Logement & Jardin;Equipement
Logement & Jardin;Equipement
Logement & Jardin;Equipement
Logement & Jardin;Equipement
Logement & Jardin;Equipement
Logement & Jardin;Equipement
Logement & Jardin;Equipement
Logement & Jardin;Equipement
Logement & Jardin;Equipement
Logement & Jardin;Equipement
Logement & Jardin;Equipement
Logement & Jardin;Entretien
Logement & Jardin;Entretien
Logement & Jardin;Entretien
Logement & Jardin;Entretien
Logement & Jardin;Entretien
Logement & Jardin;Entretien
Logement & Jardin;Entretien
Logement & Jardin;Entretien
Logement & Jardin;Entretien
Logement & Jardin;Entretien
Logement & Jardin;Nettoyage
Logement & Jardin;Entretien
Logement & Jardin;Entretien
Logement & Jardin;Entretien
Logement & Jardin;Entretien
Logement & Jardin;Entretien
Logement & Jardin;Entretien
Logement & Jardin;Entretien
Logement & Jardin;Nettoyage
Logement & Jardin;Entretien
Logement & Jardin;Entretien
Logement & Jardin;Entretien
Logement & Jardin;Entretien
Logement & Jardin;Système de sécurité
Logement & Jardin;Système de sécurité
Logement & Jardin;Système de sécurité
Logement & Jardin;Système de sécurité
Logement & Jardin;Système de sécurité
Logement & Jardin;Système de sécurité
Logement & Jardin;Système de sécurité
Logement & Jardin;Système de sécurité
Logement & Jardin;Système de sécurité
Logement & Jardin;Nettoyage
Logement & Jardin;Nettoyage
Logement & Jardin;Nettoyage
Logement & Jardin;Nettoyage
Logement & Jardin;Nettoyage
Logement & Jardin;Nettoyage
Logement & Jardin;Nettoyage
Logement & Jardin;Nettoyage
Logement & Jardin;Nettoyage
Logement & Jardin;Nettoyage
Logement & Jardin;Nettoyage
Logement & Jardin;Nettoyage
Logement & Jardin;Nettoyage
Logement & Jardin;Nettoyage
Logement & Jardin;Nettoyage
Logement & Jardin;Nettoyage
Logement & Jardin;Nettoyage
Logement & Jardin;Nettoyage
Logement & Jardin;Nettoyage
Logement & Jardin;Nettoyage
Logement & Jardin;Entretien mobilier extérieur
Véhicule;Voiture
Véhicule;Voiture
Véhicule;Voiture
Véhicule;Voiture
Véhicule;Voiture
Véhicule;Voiture
Véhicule;Voiture
Véhicule;Voiture
Véhicule;Voiture
Véhicule;Voiture
Véhicule;Voiture
Véhicule;Voiture
Véhicule;Voiture
Animaux;Chien
Animaux;Chien
;
Animaux;Chien
Animaux;Chien
Animaux;Chien
;
Animaux;Chien
Animaux;Chien
Animaux;Chien
Animaux;Chien
Animaux;Chien
Animaux;Chien
Animaux;Chien
Animaux;Chien
Animaux;Chien
Animaux;Chien
Animaux;Chien
Immanquable;Administratif
Immanquable;Administratif
Immanquable;Administratif
Immanquable;Administratif
Immanquable;Administratif
Immanquable;Administratif
Immanquable;Administratif
Immanquable;Abonnement
Immanquable;Abonnement
Immanquable;Evènement
Immanquable;Evènement
Immanquable;Evènement
Immanquable;Commander le bois de chauffage
Immanquable;Commander le fioul de chauffage
Animaux;Chat
Animaux;Chat
Animaux;Chat
Animaux;Chat
Animaux;Chat
Animaux;Chat
Animaux;Chat
Animaux;Chat
Animaux;Chat
Animaux;Chat
Animaux;Chat
Animaux;Chat
Animaux;Chat
Véhicule;Vélo
Véhicule;Vélo
Véhicule;Vélo
Animaux;Poisson
Animaux;Poisson
Animaux;Poisson
Animaux;Poisson
;poisson
;hamster
;cheval
;motocyclette
;vélo
;vélo à assistance électrique
;vélo piscine
;Tâches quotidiennes